gene,amino_acid,pango,number_sequences
ORF1a,A1306S,AY.4.2.2,29042
ORF1a,P2046L,AY.4.2.2,29042
ORF1a,P2287S,AY.4.2.2,29042
ORF1a,A2529V,AY.4.2.2,29042
ORF1a,V2930L,AY.4.2.2,29042
ORF1a,T3255I,AY.4.2.2,29042
ORF1a,T3646A,AY.4.2.2,29042
ORF1b,P314L,AY.4.2.2,29042
ORF1b,G662S,AY.4.2.2,29042
ORF1b,P1000L,AY.4.2.2,29042
ORF1b,A1918V,AY.4.2.2,29042
S,T19R,AY.4.2.2,29042
S,T95I,AY.4.2.2,29042
S,G142D,AY.4.2.2,29042
S,Y145H,AY.4.2.2,29042
S,E156G,AY.4.2.2,29042
S,del157/158,AY.4.2.2,29042
S,A222V,AY.4.2.2,29042
S,L452R,AY.4.2.2,29042
S,T478K,AY.4.2.2,29042
S,D614G,AY.4.2.2,29042
S,P681R,AY.4.2.2,29042
S,D950N,AY.4.2.2,29042
S,V1264L,AY.4.2.2,29042
ORF3a,S26L,AY.4.2.2,29042
M,I82T,AY.4.2.2,29042
ORF7a,V82A,AY.4.2.2,29042
ORF7a,T120I,AY.4.2.2,29042
ORF7b,T40I,AY.4.2.2,29042
ORF8,S84L,AY.4.2.2,29042
ORF8,del119/120,AY.4.2.2,29042
N,D63G,AY.4.2.2,29042
N,R203M,AY.4.2.2,29042
N,G215C,AY.4.2.2,29042
N,D377Y,AY.4.2.2,29042
